{"cameraMode":{"drawMode":0,"name":"Shaded","section":"Shading Mode"},"sceneLighting":true,"audioPlay":false,"sceneViewState":{"m_AlwaysRefresh":false,"showFog":true,"showSkybox":true,"showFlares":true,"showImageEffects":true,"showParticleSystems":true,"showVisualEffectGraphs":true,"m_FxEnabled":true},"in2DMode":false,"pivot":{"x":0.04826974868774414,"y":1.3475478887557984,"z":-7.705416679382324},"rotation":{"x":0.00016537299961782992,"y":0.9998252987861633,"z":-0.015308151952922345,"w":0.010799262672662735},"size":5.407557487487793,"orthographic":false}